<XML>
<CONFIG appname="idm.1tapnative" title="" type="APP" pkgname="PRODUCTION" release="3.2.5" revision="4">
<BUNDLE base="https://am-xdk.s3.amazonaws.com/app.92431012-56c9-42b7-88d6-0967a9c5bff9/caa9987e-da72-4102-9bcb-12728112221b/PRODUCTION" file="bundle.zip" version="119" />
<JAVASCRIPT platform="iphone" version="3.2.5" url="http://assets.edge.flycast.fm/appmobi/javascript/iPhone/3.2.5/appmobi_iphone.js" />
<JAVASCRIPT platform="android" version="3.2.5" url="http://assets.edge.flycast.fm/appmobi/javascript/Android/3.2.5/appmobi_android.js" />
<JAVASCRIPT platform="blackberry" version="3.2.5" url="http://assets.edge.flycast.fm/appmobi/javascript/BlackBerry/3.2.5/appmobi_BlackBerry.js" />
<UPDATE type="1" message="1tap update" /><SECURITY hasCaching="1" hasStreaming="1" hasAnalytics="0" hasPushNotify="1" hasInAppPay="1" hasAdvertising="1" hasLiveUpdate="1" hasOAuth="1" />

<NOTIFICATIONS server="http://amsdev.broadp3.com:50020" />
<PAYMENTS server="http://services.appmobi.com" callback="" merchant="" icon="" />
<ADVERTISEMENTS server="" />
<OAUTH base="https://am-xdk.s3.amazonaws.com/app.92431012-56c9-42b7-88d6-0967a9c5bff9" sequence="0" />
</CONFIG>
</XML>
